Name,URL,Weight(kg),Height(m),YOB
POGAČAR Tadej,https://www.procyclingstats.com/rider/Tadej-POGAČAR,66,1.76,1998
VINGEGAARD Jonas,https://www.procyclingstats.com/rider/Jonas-VINGEGAARD,60,1.75,1996
CARAPAZ Richard,https://www.procyclingstats.com/rider/Richard-CARAPAZ,62,1.7,1993
O'CONNOR Ben,https://www.procyclingstats.com/rider/Ben-O'CONNOR,67,1.88,1995
KELDERMAN Wilco,https://www.procyclingstats.com/rider/Wilco-KELDERMAN,65,1.85,1991
MAS Enric,https://www.procyclingstats.com/rider/Enric-MAS,61,1.77,1995
LUTSENKO Alexey,https://www.procyclingstats.com/rider/Alexey-LUTSENKO,75,1.74,1992
MARTIN Guillaume,https://www.procyclingstats.com/rider/Guillaume-MARTIN,55,1.73,1993
BILBAO Pello,https://www.procyclingstats.com/rider/Pello-BILBAO,60,1.74,1990
URÁN Rigoberto,https://www.procyclingstats.com/rider/Rigoberto-URÁN,63,1.73,1987
GAUDU David,https://www.procyclingstats.com/rider/David-GAUDU,53,1.73,1996
CATTANEO Mattia,https://www.procyclingstats.com/rider/Mattia-CATTANEO,67,1.84,1990
CHAVES Esteban,https://www.procyclingstats.com/rider/Esteban-CHAVES,55,1.64,1990
MEINTJES Louis,https://www.procyclingstats.com/rider/Louis-MEINTJES,58,1.73,1992
PARET-PEINTRE Aurélien,https://www.procyclingstats.com/rider/Aurélien-PARET-PEINTRE,64,1.84,1996
POELS Wout,https://www.procyclingstats.com/rider/Wout-POELS,66,1.83,1987
TEUNS Dylan,https://www.procyclingstats.com/rider/Dylan-TEUNS,64,1.81,1992
GUERREIRO Ruben,https://www.procyclingstats.com/rider/Ruben-GUERREIRO,65,1.78,1994
VAN AERT Wout,https://www.procyclingstats.com/rider/AERT-VAN,78,1.9,1994
MOLLEMA Bauke,https://www.procyclingstats.com/rider/Bauke-MOLLEMA,64,1.83,1986
HENAO Sergio,https://www.procyclingstats.com/rider/Sergio-HENAO,61,1.7,1987
BONNAMOUR Franck,https://www.procyclingstats.com/rider/Franck-BONNAMOUR,70,1.8,1995
CASTROVIEJO Jonathan,https://www.procyclingstats.com/rider/Jonathan-CASTROVIEJO,62,1.71,1987
VALVERDE Alejandro,https://www.procyclingstats.com/rider/Alejandro-VALVERDE,61,1.77,1980
HIGUITA Sergio,https://www.procyclingstats.com/rider/Sergio-HIGUITA,57,1.66,1997
IZAGIRRE Ion,https://www.procyclingstats.com/rider/Ion-IZAGIRRE,60,1.73,1989
KONRAD Patrick,https://www.procyclingstats.com/rider/Patrick-KONRAD,65,1.8,1991
QUINTANA Nairo,https://www.procyclingstats.com/rider/Nairo-QUINTANA,59,1.67,1990
MEURISSE Xandro,https://www.procyclingstats.com/rider/Xandro-MEURISSE,67,1.81,1992
ALAPHILIPPE Julian,https://www.procyclingstats.com/rider/Julian-ALAPHILIPPE,62,1.73,1992
MOHORIČ Matej,https://www.procyclingstats.com/rider/Matej-MOHORIČ,72,1.85,1994
KUSS Sepp,https://www.procyclingstats.com/rider/Sepp-KUSS,61,1.8,1994
BUCHMANN Emanuel,https://www.procyclingstats.com/rider/Emanuel-BUCHMANN,59,1.81,1992
MAJKA Rafał,https://www.procyclingstats.com/rider/Rafał-MAJKA,62,1.73,1989
PACHER Quentin,https://www.procyclingstats.com/rider/Quentin-PACHER,62,1.79,1992
ELISSONDE Kenny,https://www.procyclingstats.com/rider/Kenny-ELISSONDE,52,1.69,1991
BERNARD Julien,https://www.procyclingstats.com/rider/Julien-BERNARD,60,1.76,1992
PORTE Richie,https://www.procyclingstats.com/rider/Richie-PORTE,62,1.72,1985
STUYVEN Jasper,https://www.procyclingstats.com/rider/Jasper-STUYVEN,78,1.86,1992
MARTIN Dan,https://www.procyclingstats.com/rider/Dan-MARTIN,59,1.75,1986
THOMAS Geraint,https://www.procyclingstats.com/rider/Geraint-THOMAS,71,1.83,1986
MADOUAS Valentin,https://www.procyclingstats.com/rider/Valentin-MADOUAS,71,1.78,1996
POWLESS Neilson,https://www.procyclingstats.com/rider/Neilson-POWLESS,67,1.83,1996
FORMOLO Davide,https://www.procyclingstats.com/rider/Davide-FORMOLO,62,1.81,1992
DONOVAN Mark,https://www.procyclingstats.com/rider/Mark-DONOVAN,,1.86,1999
RODRÍGUEZ Cristián,https://www.procyclingstats.com/rider/Cristián-RODRÍGUEZ,56,1.77,1995
LATOUR Pierre,https://www.procyclingstats.com/rider/Pierre-LATOUR,66,1.8,1993
BAKELANTS Jan,https://www.procyclingstats.com/rider/Jan-BAKELANTS,67,1.77,1986
KÜNG Stefan,https://www.procyclingstats.com/rider/Stefan-KÜNG,83,1.93,1993
POLITT Nils,https://www.procyclingstats.com/rider/Nils-POLITT,80,1.92,1994
ROLLAND Pierre,https://www.procyclingstats.com/rider/Pierre-ROLLAND,70,1.84,1986
COLBRELLI Sonny,https://www.procyclingstats.com/rider/Sonny-COLBRELLI,74,1.76,1990
VALGREN Michael,https://www.procyclingstats.com/rider/Michael-VALGREN,71,1.79,1992
VAN BAARLE Dylan,https://www.procyclingstats.com/rider/BAARLE-VAN,78,1.87,1992
RUTSCH Jonas,https://www.procyclingstats.com/rider/Jonas-RUTSCH,82,1.97,1998
CORT Magnus,https://www.procyclingstats.com/rider/Magnus-CORT,68,1.83,1993
FRAILE Omar,https://www.procyclingstats.com/rider/Omar-FRAILE,72,1.83,1990
SCHÄR Michael,https://www.procyclingstats.com/rider/Michael-SCHÄR,78,1.98,1986
DILLIER Silvan,https://www.procyclingstats.com/rider/Silvan-DILLIER,75,1.83,1990
GEOGHEGAN HART Tao,https://www.procyclingstats.com/rider/HART-GEOGHEGAN,65,1.83,1995
GESBERT Élie,https://www.procyclingstats.com/rider/Élie-GESBERT,63,1.81,1995
GESCHKE Simon,https://www.procyclingstats.com/rider/Simon-GESCHKE,64,1.71,1986
ROTA Lorenzo,https://www.procyclingstats.com/rider/Lorenzo-ROTA,62,1.73,1995
ASGREEN Kasper,https://www.procyclingstats.com/rider/Kasper-ASGREEN,75,1.92,1995
VAN MOER Brent,https://www.procyclingstats.com/rider/MOER-VAN,79,1.91,1998
HOULE Hugo,https://www.procyclingstats.com/rider/Hugo-HOULE,72,1.82,1990
ERVITI Imanol,https://www.procyclingstats.com/rider/Imanol-ERVITI,82,1.89,1983
KWIATKOWSKI Michał,https://www.procyclingstats.com/rider/Michał-KWIATKOWSKI,68,1.76,1990
MCNULTY Brandon,https://www.procyclingstats.com/rider/Brandon-MCNULTY,69,1.83,1998
NAESEN Oliver,https://www.procyclingstats.com/rider/Oliver-NAESEN,72,1.84,1990
SKUJIŅŠ Toms,https://www.procyclingstats.com/rider/Toms-SKUJIŅŠ,70,1.78,1991
DE LA PARTE Víctor,https://www.procyclingstats.com/rider/LA-DE,64,1.81,1986
TURGIS Anthony,https://www.procyclingstats.com/rider/Anthony-TURGIS,70,1.78,1994
ARANBURU Alex,https://www.procyclingstats.com/rider/Alex-ARANBURU,63,1.78,1995
GODON Dorian,https://www.procyclingstats.com/rider/Dorian-GODON,73,1.9,1996
TEUNISSEN Mike,https://www.procyclingstats.com/rider/Mike-TEUNISSEN,73,1.84,1992
COSTA Rui,https://www.procyclingstats.com/rider/Rui-COSTA,69,1.83,1986
DOUBEY Fabien,https://www.procyclingstats.com/rider/Fabien-DOUBEY,62,1.74,1993
MATTHEWS Michael,https://www.procyclingstats.com/rider/Michael-MATTHEWS,72,1.78,1990
ZIMMERMANN Georg,https://www.procyclingstats.com/rider/Georg-ZIMMERMANN,70,1.81,1997
GAUTIER Cyril,https://www.procyclingstats.com/rider/Cyril-GAUTIER,65,1.69,1987
DE GENDT Thomas,https://www.procyclingstats.com/rider/GENDT-DE,73,1.79,1986
ARMIRAIL Bruno,https://www.procyclingstats.com/rider/Bruno-ARMIRAIL,74,1.9,1994
FERNÁNDEZ Rubén,https://www.procyclingstats.com/rider/Rubén-FERNÁNDEZ,60,1.77,1991
SWEENY Harry,https://www.procyclingstats.com/rider/Harry-SWEENY,75,1.86,1998
PEREZ Anthony,https://www.procyclingstats.com/rider/Anthony-PEREZ,70,1.9,1991
HERRADA Jesús,https://www.procyclingstats.com/rider/Jesús-HERRADA,70,1.83,1990
BARTHE Cyril,https://www.procyclingstats.com/rider/Cyril-BARTHE,67,1.84,1996
SWIFT Connor,https://www.procyclingstats.com/rider/Connor-SWIFT,75,1.9,1995
ARCAS Jorge,https://www.procyclingstats.com/rider/Jorge-ARCAS,68,1.87,1992
LAPORTE Christophe,https://www.procyclingstats.com/rider/Christophe-LAPORTE,76,1.89,1992
PÉRICHON Pierre-Luc,https://www.procyclingstats.com/rider/Pierre-Luc-PÉRICHON,69,1.82,1987
CHEVALIER Maxime,https://www.procyclingstats.com/rider/Maxime-CHEVALIER,60,1.78,1999
GARCÍA CORTINA Iván,https://www.procyclingstats.com/rider/CORTINA-GARCÍA,77,1.83,1995
RICKAERT Jonas,https://www.procyclingstats.com/rider/Jonas-RICKAERT,83.5,1.87,1994
WRIGHT Fred,https://www.procyclingstats.com/rider/Fred-WRIGHT,75,1.84,1999
VAN AVERMAET Greg,https://www.procyclingstats.com/rider/AVERMAET-VAN,74,1.81,1985
HIRSCHI Marc,https://www.procyclingstats.com/rider/Marc-HIRSCHI,61,1.74,1998
GILBERT Philippe,https://www.procyclingstats.com/rider/Philippe-GILBERT,75,1.78,1982
DURBRIDGE Luke,https://www.procyclingstats.com/rider/Luke-DURBRIDGE,78,1.87,1991
VERONA Carlos,https://www.procyclingstats.com/rider/Carlos-VERONA,68,1.86,1992
MEZGEC Luka,https://www.procyclingstats.com/rider/Luka-MEZGEC,72,1.83,1988
BISSEGGER Stefan,https://www.procyclingstats.com/rider/Stefan-BISSEGGER,78,1.78,1998
THEUNS Edward,https://www.procyclingstats.com/rider/Edward-THEUNS,72,1.83,1991
BOIVIN Guillaume,https://www.procyclingstats.com/rider/Guillaume-BOIVIN,78,1.8,1989
SBARAGLI Kristian,https://www.procyclingstats.com/rider/Kristian-SBARAGLI,70,1.75,1990
COSNEFROY Benoît,https://www.procyclingstats.com/rider/Benoît-COSNEFROY,64,1.79,1995
BALLERINI Davide,https://www.procyclingstats.com/rider/Davide-BALLERINI,77,1.83,1994
PHILIPSEN Jasper,https://www.procyclingstats.com/rider/Jasper-PHILIPSEN,69,1.76,1998
BJERG Mikkel,https://www.procyclingstats.com/rider/Mikkel-BJERG,78,1.91,1998
PEDERSEN Casper,https://www.procyclingstats.com/rider/Casper-PEDERSEN,74,1.86,1996
LAENGEN Vegard Stake,https://www.procyclingstats.com/rider/Vegard-LAENGEN,79,1.95,1989
GRUZDEV Dmitriy,https://www.procyclingstats.com/rider/Dmitriy-GRUZDEV,78,1.85,1986
JUUL-JENSEN Christopher,https://www.procyclingstats.com/rider/Christopher-JUUL-JENSEN,73,1.83,1989
OSS Daniel,https://www.procyclingstats.com/rider/Daniel-OSS,75,1.9,1987
PÖSTLBERGER Lukas,https://www.procyclingstats.com/rider/Lukas-PÖSTLBERGER,70,1.82,1992
VAN POPPEL Boy,https://www.procyclingstats.com/rider/POPPEL-VAN,78,1.86,1988
VAKOČ Petr,https://www.procyclingstats.com/rider/Petr-VAKOČ,68,1.8,1992
SCHELLING Ide,https://www.procyclingstats.com/rider/Ide-SCHELLING,66,1.82,1998
VAN POPPEL Danny,https://www.procyclingstats.com/rider/POPPEL-VAN,82,1.84,1993
WALSCHEID Max,https://www.procyclingstats.com/rider/Max-WALSCHEID,90,1.99,1993
GOLDSTEIN Omer,https://www.procyclingstats.com/rider/Omer-GOLDSTEIN,61,1.74,1996
CLARKE Simon,https://www.procyclingstats.com/rider/Simon-CLARKE,63,1.75,1986
BARBERO Carlos,https://www.procyclingstats.com/rider/Carlos-BARBERO,66,1.78,1991
GREIPEL André,https://www.procyclingstats.com/rider/André-GREIPEL,80,1.84,1982
EEKHOFF Nils,https://www.procyclingstats.com/rider/Nils-EEKHOFF,75,1.91,1998
HALLER Marco,https://www.procyclingstats.com/rider/Marco-HALLER,72,1.78,1991
NIEUWENHUIS Joris,https://www.procyclingstats.com/rider/Joris-NIEUWENHUIS,71,1.85,1996
SIMON Julien,https://www.procyclingstats.com/rider/Julien-SIMON,65,1.76,1985
BENNETT Sean,https://www.procyclingstats.com/rider/Sean-BENNETT,66,1.78,1996
WALLAYS Jelle,https://www.procyclingstats.com/rider/Jelle-WALLAYS,77,1.85,1989
CABOT Jérémy,https://www.procyclingstats.com/rider/Jérémy-CABOT,76,1.92,1991
FROOME Chris,https://www.procyclingstats.com/rider/Chris-FROOME,66,1.86,1985
ZABEL Rick,https://www.procyclingstats.com/rider/Rick-ZABEL,75,1.84,1993
DEVENYNS Dries,https://www.procyclingstats.com/rider/Dries-DEVENYNS,65,1.77,1983
HOLLENSTEIN Reto,https://www.procyclingstats.com/rider/Reto-HOLLENSTEIN,80,1.97,1985
PEDERSEN Mads,https://www.procyclingstats.com/rider/Mads-PEDERSEN,70,1.79,1995
MØRKØV Michael,https://www.procyclingstats.com/rider/Michael-MØRKØV,71,1.83,1985
CAVENDISH Mark,https://www.procyclingstats.com/rider/Mark-CAVENDISH,70,1.75,1985
BOL Cees,https://www.procyclingstats.com/rider/Cees-BOL,83,1.94,1995
DECLERCQ Tim,https://www.procyclingstats.com/rider/Tim-DECLERCQ,78,1.9,1989
ROGLIČ Primož,https://www.procyclingstats.com/rider/Primož-ROGLIČ,65,1.77,1989
LANDA Mikel,https://www.procyclingstats.com/rider/Mikel-LANDA,60,1.73,1989
LÓPEZ Miguel Ángel,https://www.procyclingstats.com/rider/Miguel-LÓPEZ,59,1.64,1994
DUMOULIN Tom,https://www.procyclingstats.com/rider/Tom-DUMOULIN,69,1.85,1990
YATES Adam,https://www.procyclingstats.com/rider/Adam-YATES,58,1.73,1992
CARUSO Damiano,https://www.procyclingstats.com/rider/Damiano-CARUSO,67,1.79,1987
BARGUIL Warren,https://www.procyclingstats.com/rider/Warren-BARGUIL,61,1.82,1991
SOLER Marc,https://www.procyclingstats.com/rider/Marc-SOLER,68,1.86,1993
IZAGIRRE Gorka,https://www.procyclingstats.com/rider/Gorka-IZAGIRRE,66,1.76,1987
REICHENBACH Sébastien,https://www.procyclingstats.com/rider/Sébastien-REICHENBACH,64,1.78,1989
CHEREL Mikaël,https://www.procyclingstats.com/rider/Mikaël-CHEREL,65,1.83,1986
MARTÍNEZ Daniel Felipe,https://www.procyclingstats.com/rider/Daniel-MARTÍNEZ,63,1.72,1996
PINOT Thibaut,https://www.procyclingstats.com/rider/Thibaut-PINOT,63,1.8,1990
SICARD Romain,https://www.procyclingstats.com/rider/Romain-SICARD,63,1.79,1988
SÁNCHEZ Luis León,https://www.procyclingstats.com/rider/Luis-SÁNCHEZ,73,1.86,1983
KÄMNA Lennard,https://www.procyclingstats.com/rider/Lennard-KÄMNA,65,1.81,1996
BENNETT George,https://www.procyclingstats.com/rider/George-BENNETT,58,1.8,1990
VUILLERMOZ Alexis,https://www.procyclingstats.com/rider/Alexis-VUILLERMOZ,60,1.74,1988
CARTHY Hugh,https://www.procyclingstats.com/rider/Hugh-CARTHY,69,1.93,1994
MOLARD Rudy,https://www.procyclingstats.com/rider/Rudy-MOLARD,62,1.78,1989
POLANC Jan,https://www.procyclingstats.com/rider/Jan-POLANC,62,1.72,1992
GESINK Robert,https://www.procyclingstats.com/rider/Robert-GESINK,70,1.89,1986
JUNGELS Bob,https://www.procyclingstats.com/rider/Bob-JUNGELS,70,1.89,1992
TEJADA Harold,https://www.procyclingstats.com/rider/Harold-TEJADA,63,1.8,1997
EDET Nicolas,https://www.procyclingstats.com/rider/Nicolas-EDET,60,1.76,1987
EG Niklas,https://www.procyclingstats.com/rider/Niklas-EG,60,1.83,1995
OLIVEIRA Nelson,https://www.procyclingstats.com/rider/Nelson-OLIVEIRA,67,1.8,1989
SCHACHMANN Maximilian,https://www.procyclingstats.com/rider/Maximilian-SCHACHMANN,70,1.83,1994
KRAGH ANDERSEN Søren,https://www.procyclingstats.com/rider/ANDERSEN-KRAGH,73,1.78,1994
BETTIOL Alberto,https://www.procyclingstats.com/rider/Alberto-BETTIOL,69,1.8,1993
GROßSCHARTNER Felix,https://www.procyclingstats.com/rider/Felix-GROßSCHARTNER,64,1.84,1993
ROCHE Nicolas,https://www.procyclingstats.com/rider/Nicolas-ROCHE,70,1.78,1984
PETERS Nans,https://www.procyclingstats.com/rider/Nans-PETERS,70,1.77,1994
ANACONA Winner,https://www.procyclingstats.com/rider/Winner-ANACONA,65,1.79,1988
HIRT Jan,https://www.procyclingstats.com/rider/Jan-HIRT,62,1.81,1991
HERMANS Ben,https://www.procyclingstats.com/rider/Ben-HERMANS,72,1.86,1986
ROJAS José Joaquín,https://www.procyclingstats.com/rider/José-ROJAS,70,1.77,1985
DE LA CRUZ David,https://www.procyclingstats.com/rider/LA-DE,66,1.82,1989
BENOOT Tiesj,https://www.procyclingstats.com/rider/Tiesj-BENOOT,72,1.9,1994
AMADOR Andrey,https://www.procyclingstats.com/rider/Andrey-AMADOR,73,1.81,1986
TRENTIN Matteo,https://www.procyclingstats.com/rider/Matteo-TRENTIN,74,1.79,1989
CATALDO Dario,https://www.procyclingstats.com/rider/Dario-CATALDO,64,1.75,1985
BAUER Jack,https://www.procyclingstats.com/rider/Jack-BAUER,74,1.91,1985
SAGAN Peter,https://www.procyclingstats.com/rider/Peter-SAGAN,78,1.84,1990
NEILANDS Krists,https://www.procyclingstats.com/rider/Krists-NEILANDS,69,1.89,1994
SIVAKOV Pavel,https://www.procyclingstats.com/rider/Pavel-SIVAKOV,72,1.88,1997
KEUKELEIRE Jens,https://www.procyclingstats.com/rider/Jens-KEUKELEIRE,69,1.85,1988
VAN GARDEREN Tejay,https://www.procyclingstats.com/rider/GARDEREN-VAN,72,1.86,1988
LADAGNOUS Matthieu,https://www.procyclingstats.com/rider/Matthieu-LADAGNOUS,73,1.81,1984
QUINTANA Dayer,https://www.procyclingstats.com/rider/Dayer-QUINTANA,58,1.67,1992
IMPEY Daryl,https://www.procyclingstats.com/rider/Daryl-IMPEY,70,1.81,1984
VAN ASBROECK Tom,https://www.procyclingstats.com/rider/ASBROECK-VAN,72,1.82,1990
DE MARCHI Alessandro,https://www.procyclingstats.com/rider/MARCHI-DE,65,1.81,1986
BOASSON HAGEN Edvald,https://www.procyclingstats.com/rider/HAGEN-BOASSON,75,1.85,1987
LEDANOIS Kévin,https://www.procyclingstats.com/rider/Kévin-LEDANOIS,67,1.81,1993
VENTURINI Clément,https://www.procyclingstats.com/rider/Clément-VENTURINI,60,1.65,1993
KREUZIGER Roman,https://www.procyclingstats.com/rider/Roman-KREUZIGER,65,1.83,1986
MARCATO Marco,https://www.procyclingstats.com/rider/Marco-MARCATO,67,1.74,1984
CONSONNI Simone,https://www.procyclingstats.com/rider/Simone-CONSONNI,60,1.65,1994
CAVAGNA Rémi,https://www.procyclingstats.com/rider/Rémi-CAVAGNA,78,1.86,1995
HOFSTETTER Hugo,https://www.procyclingstats.com/rider/Hugo-HOFSTETTER,65,1.7,1994
GRELLIER Fabien,https://www.procyclingstats.com/rider/Fabien-GRELLIER,65,1.75,1994
MARTIN Tony,https://www.procyclingstats.com/rider/Tony-MARTIN,75,1.85,1985
GIBBONS Ryan,https://www.procyclingstats.com/rider/Ryan-GIBBONS,70,1.81,1994
COQUARD Bryan,https://www.procyclingstats.com/rider/Bryan-COQUARD,59,1.71,1992
SOUPE Geoffrey,https://www.procyclingstats.com/rider/Geoffrey-SOUPE,70,1.77,1988
KOCH Jonas,https://www.procyclingstats.com/rider/Jonas-KOCH,75,1.87,1993
ARNDT Nikias,https://www.procyclingstats.com/rider/Nikias-ARNDT,77.5,1.88,1991
JANSEN Amund Grøndahl,https://www.procyclingstats.com/rider/Amund-JANSEN,83,1.87,1994
ROWE Luke,https://www.procyclingstats.com/rider/Luke-ROWE,72,1.85,1990
BURGAUDEAU Mathieu,https://www.procyclingstats.com/rider/Mathieu-BURGAUDEAU,61,1.68,1998
KRISTOFF Alexander,https://www.procyclingstats.com/rider/Alexander-KRISTOFF,78,1.81,1987
RUSSO Clément,https://www.procyclingstats.com/rider/Clément-RUSSO,73,1.86,1995
VIVIANI Elia,https://www.procyclingstats.com/rider/Elia-VIVIANI,67,1.78,1989
REZA Kévin,https://www.procyclingstats.com/rider/Kévin-REZA,71,1.86,1988
BENNETT Sam,https://www.procyclingstats.com/rider/Sam-BENNETT,73,1.78,1990
NIV Guy,https://www.procyclingstats.com/rider/Guy-NIV,58,1.68,1994
BONIFAZIO Niccolò,https://www.procyclingstats.com/rider/Niccolò-BONIFAZIO,72,1.76,1993
DE BUYST Jasper,https://www.procyclingstats.com/rider/BUYST-DE,71,1.78,1993
EWAN Caleb,https://www.procyclingstats.com/rider/Caleb-EWAN,69,1.67,1994
FRISON Frederik,https://www.procyclingstats.com/rider/Frederik-FRISON,84,1.94,1992
KLUGE Roger,https://www.procyclingstats.com/rider/Roger-KLUGE,83,1.92,1986
BERNAL Egan,https://www.procyclingstats.com/rider/Egan-BERNAL,60,1.75,1997
KRUIJSWIJK Steven,https://www.procyclingstats.com/rider/Steven-KRUIJSWIJK,63,1.78,1987
ARU Fabio,https://www.procyclingstats.com/rider/Fabio-ARU,63,1.83,1990
BARDET Romain,https://www.procyclingstats.com/rider/Romain-BARDET,65,1.84,1990
DE PLUS Laurens,https://www.procyclingstats.com/rider/PLUS-DE,67,1.89,1995
MÜHLBERGER Gregor,https://www.procyclingstats.com/rider/Gregor-MÜHLBERGER,64,1.8,1994
KANGERT Tanel,https://www.procyclingstats.com/rider/Tanel-KANGERT,65,1.78,1987
CICCONE Giulio,https://www.procyclingstats.com/rider/Giulio-CICCONE,58,1.76,1994
WOODS Michael,https://www.procyclingstats.com/rider/Michael-WOODS,64,1.75,1986
HAIG Jack,https://www.procyclingstats.com/rider/Jack-HAIG,67,1.9,1993
NIBALI Vincenzo,https://www.procyclingstats.com/rider/Vincenzo-NIBALI,65,1.81,1984
FRANK Mathias,https://www.procyclingstats.com/rider/Mathias-FRANK,64,1.76,1986
YATES Simon,https://www.procyclingstats.com/rider/Simon-YATES,58,1.72,1992
ZAKARIN Ilnur,https://www.procyclingstats.com/rider/Ilnur-ZAKARIN,67,1.87,1989
GALLOPIN Tony,https://www.procyclingstats.com/rider/Tony-GALLOPIN,69,1.8,1988
KING Ben,https://www.procyclingstats.com/rider/Ben-KING,68,1.83,1989
FELLINE Fabio,https://www.procyclingstats.com/rider/Fabio-FELLINE,68,1.75,1990
TAARAMÄE Rein,https://www.procyclingstats.com/rider/Rein-TAARAMÄE,68,1.86,1987
ROSSKOPF Joey,https://www.procyclingstats.com/rider/Joey-ROSSKOPF,74,1.86,1989
BOUET Maxime,https://www.procyclingstats.com/rider/Maxime-BOUET,67,1.84,1986
PAUWELS Serge,https://www.procyclingstats.com/rider/Serge-PAUWELS,65,1.77,1983
MOSCON Gianni,https://www.procyclingstats.com/rider/Gianni-MOSCON,70,1.82,1994
BERHANE Natnael,https://www.procyclingstats.com/rider/Natnael-BERHANE,66,1.82,1991
PASQUALON Andrea,https://www.procyclingstats.com/rider/Andrea-PASQUALON,68,1.74,1988
DELAPLACE Anthony,https://www.procyclingstats.com/rider/Anthony-DELAPLACE,65,1.81,1989
MOINARD Amaël,https://www.procyclingstats.com/rider/Amaël-MOINARD,69,1.8,1982
TRATNIK Jan,https://www.procyclingstats.com/rider/Jan-TRATNIK,67,1.73,1990
WELLENS Tim,https://www.procyclingstats.com/rider/Tim-WELLENS,71,1.82,1991
OURSELIN Paul,https://www.procyclingstats.com/rider/Paul-OURSELIN,70,1.85,1994
ROSSETTO Stéphane,https://www.procyclingstats.com/rider/Stéphane-ROSSETTO,68,1.8,1987
ROUX Anthony,https://www.procyclingstats.com/rider/Anthony-ROUX,73,1.88,1987
CALMEJANE Lilian,https://www.procyclingstats.com/rider/Lilian-CALMEJANE,69,1.84,1992
BYSTRØM Sven Erik,https://www.procyclingstats.com/rider/Sven-BYSTRØM,70,1.89,1992
EIKING Odd Christian,https://www.procyclingstats.com/rider/Odd-EIKING,75,1.82,1994
GOUGEARD Alexis,https://www.procyclingstats.com/rider/Alexis-GOUGEARD,70,1.76,1993
WÜRTZ SCHMIDT Mads,https://www.procyclingstats.com/rider/SCHMIDT-WÜRTZ,62,1.76,1994
BACKAERT Frederik,https://www.procyclingstats.com/rider/Frederik-BACKAERT,78,1.88,1990
VACHON Florian,https://www.procyclingstats.com/rider/Florian-VACHON,65,1.79,1985
JANSE VAN RENSBURG Reinardt,https://www.procyclingstats.com/rider/VAN-JANSE,74,1.82,1989
DE KORT Koen,https://www.procyclingstats.com/rider/KORT-DE,69,1.79,1982
WIŚNIOWSKI Łukasz,https://www.procyclingstats.com/rider/Łukasz-WIŚNIOWSKI,78,1.81,1991
GONÇALVES José,https://www.procyclingstats.com/rider/José-GONÇALVES,70,1.85,1989
CUMMINGS Steve,https://www.procyclingstats.com/rider/Steve-CUMMINGS,73,1.89,1981
LAMPAERT Yves,https://www.procyclingstats.com/rider/Yves-LAMPAERT,75,1.8,1991
HAGA Chad,https://www.procyclingstats.com/rider/Chad-HAGA,71.5,1.91,1988
SCULLY Tom,https://www.procyclingstats.com/rider/Tom-SCULLY,85,1.88,1990
DE GENDT Aimé,https://www.procyclingstats.com/rider/GENDT-DE,75,1.82,1994
VAN MELSEN Kévin,https://www.procyclingstats.com/rider/MELSEN-VAN,77,1.85,1987
BURGHARDT Marcus,https://www.procyclingstats.com/rider/Marcus-BURGHARDT,75,1.89,1983
MONFORT Maxime,https://www.procyclingstats.com/rider/Maxime-MONFORT,66,1.81,1983
BONNET William,https://www.procyclingstats.com/rider/William-BONNET,80,1.85,1982
GROENEWEGEN Dylan,https://www.procyclingstats.com/rider/Dylan-GROENEWEGEN,70,1.77,1993
HEPBURN Michael,https://www.procyclingstats.com/rider/Michael-HEPBURN,77,1.86,1991
BAK Lars Ytting,https://www.procyclingstats.com/rider/Lars-BAK,76,1.9,1980
RICHEZE Maximiliano,https://www.procyclingstats.com/rider/Maximiliano-RICHEZE,68,1.77,1983
DOWSETT Alex,https://www.procyclingstats.com/rider/Alex-DOWSETT,75,1.82,1988
DEBUSSCHERE Jens,https://www.procyclingstats.com/rider/Jens-DEBUSSCHERE,77,1.84,1989
OFFREDO Yoann,https://www.procyclingstats.com/rider/Yoann-OFFREDO,69,1.89,1986
LANGEVELD Sebastian,https://www.procyclingstats.com/rider/Sebastian-LANGEVELD,67,1.78,1985
FUGLSANG Jakob,https://www.procyclingstats.com/rider/Jakob-FUGLSANG,65,1.81,1985
POZZOVIVO Domenico,https://www.procyclingstats.com/rider/Domenico-POZZOVIVO,53,1.65,1982
NIEVE Mikel,https://www.procyclingstats.com/rider/Mikel-NIEVE,62,1.73,1984
TOLHOEK Antwan,https://www.procyclingstats.com/rider/Antwan-TOLHOEK,61,1.78,1994
CHAVANEL Sylvain,https://www.procyclingstats.com/rider/Sylvain-CHAVANEL,73,1.81,1979
ĐURASEK Kristijan,https://www.procyclingstats.com/rider/Kristijan-ĐURASEK,58,1.7,1987
VICHOT Arthur,https://www.procyclingstats.com/rider/Arthur-VICHOT,74,1.84,1988
NAVARRO Daniel,https://www.procyclingstats.com/rider/Daniel-NAVARRO,60,1.75,1983
TEN DAM Laurens,https://www.procyclingstats.com/rider/DAM-TEN,67,1.84,1980
DEGAND Thomas,https://www.procyclingstats.com/rider/Thomas-DEGAND,63,1.76,1986
HANSEN Jesper,https://www.procyclingstats.com/rider/Jesper-HANSEN,60,1.72,1990
SLAGTER Tom-Jelte,https://www.procyclingstats.com/rider/Tom-Jelte-SLAGTER,57,1.69,1989
PELLIZOTTI Franco,https://www.procyclingstats.com/rider/Franco-PELLIZOTTI,64,1.75,1978
KOCHETKOV Pavel,https://www.procyclingstats.com/rider/Pavel-KOCHETKOV,70,1.84,1986
MINNAARD Marco,https://www.procyclingstats.com/rider/Marco-MINNAARD,65,1.78,1989
ATAPUMA Darwin,https://www.procyclingstats.com/rider/Darwin-ATAPUMA,59,1.68,1988
LUDVIGSSON Tobias,https://www.procyclingstats.com/rider/Tobias-LUDVIGSSON,76,1.94,1991
VERMOTE Julien,https://www.procyclingstats.com/rider/Julien-VERMOTE,71,1.79,1989
BOSWELL Ian,https://www.procyclingstats.com/rider/Ian-BOSWELL,70,1.85,1991
MARTENS Paul,https://www.procyclingstats.com/rider/Paul-MARTENS,69,1.78,1983
BOUDAT Thomas,https://www.procyclingstats.com/rider/Thomas-BOUDAT,67,1.75,1994
COUSIN Jérôme,https://www.procyclingstats.com/rider/Jérôme-COUSIN,74,1.8,1989
POLJAŃSKI Paweł,https://www.procyclingstats.com/rider/Paweł-POLJAŃSKI,63,1.82,1990
SMITH Dion,https://www.procyclingstats.com/rider/Dion-SMITH,67,1.79,1993
PICHON Laurent,https://www.procyclingstats.com/rider/Laurent-PICHON,69,1.78,1986
KOREN Kristijan,https://www.procyclingstats.com/rider/Kristijan-KOREN,72,1.83,1986
MARCZYŃSKI Tomasz,https://www.procyclingstats.com/rider/Tomasz-MARCZYŃSKI,70,1.8,1984
BENNATI Daniele,https://www.procyclingstats.com/rider/Daniele-BENNATI,71,1.83,1980
HARDY Romain,https://www.procyclingstats.com/rider/Romain-HARDY,62,1.72,1988
SUTHERLAND Rory,https://www.procyclingstats.com/rider/Rory-SUTHERLAND,75,1.88,1982
GERRANS Simon,https://www.procyclingstats.com/rider/Simon-GERRANS,62,1.69,1980
HAYMAN Mathew,https://www.procyclingstats.com/rider/Mathew-HAYMAN,78,1.9,1978
DEGENKOLB John,https://www.procyclingstats.com/rider/John-DEGENKOLB,82,1.79,1989
GOGL Michael,https://www.procyclingstats.com/rider/Michael-GOGL,70,1.86,1993
VANMARCKE Sep,https://www.procyclingstats.com/rider/Sep-VANMARCKE,77,1.89,1988
TERPSTRA Niki,https://www.procyclingstats.com/rider/Niki-TERPSTRA,75,1.9,1984
BODNAR Maciej,https://www.procyclingstats.com/rider/Maciej-BODNAR,77,1.86,1985
VAN KEIRSBULCK Guillaume,https://www.procyclingstats.com/rider/KEIRSBULCK-VAN,85,1.91,1991
HAUSSLER Heinrich,https://www.procyclingstats.com/rider/Heinrich-HAUSSLER,74,1.81,1984
LE GAC Olivier,https://www.procyclingstats.com/rider/GAC-LE,70,1.8,1993
CLAEYS Dimitri,https://www.procyclingstats.com/rider/Dimitri-CLAEYS,77,1.89,1987
DUPONT Timothy,https://www.procyclingstats.com/rider/Timothy-DUPONT,72,1.79,1987
TROIA Oliviero,https://www.procyclingstats.com/rider/Oliviero-TROIA,80,1.91,1994
SINKELDAM Ramon,https://www.procyclingstats.com/rider/Ramon-SINKELDAM,77,1.93,1989
PHINNEY Taylor,https://www.procyclingstats.com/rider/Taylor-PHINNEY,82,1.97,1990
ROOSEN Timo,https://www.procyclingstats.com/rider/Timo-ROOSEN,78,1.94,1993
FERRARI Roberto,https://www.procyclingstats.com/rider/Roberto-FERRARI,73,1.73,1983
GAUDIN Damien,https://www.procyclingstats.com/rider/Damien-GAUDIN,85,1.92,1986
DÉMARE Arnaud,https://www.procyclingstats.com/rider/Arnaud-DÉMARE,76,1.82,1991
THOMSON Jay Robert,https://www.procyclingstats.com/rider/Jay-THOMSON,75,1.85,1986
GUARNIERI Jacopo,https://www.procyclingstats.com/rider/Jacopo-GUARNIERI,80,1.9,1987
CRADDOCK Lawson,https://www.procyclingstats.com/rider/Lawson-CRADDOCK,69,1.78,1992
CONTADOR Alberto,https://www.procyclingstats.com/rider/Alberto-CONTADOR,61,1.76,1982
FEILLU Brice,https://www.procyclingstats.com/rider/Brice-FEILLU,69,1.9,1985
BETANCUR Carlos,https://www.procyclingstats.com/rider/Carlos-BETANCUR,60,1.67,1989
KIŠERLOVSKI Robert,https://www.procyclingstats.com/rider/Robert-KIŠERLOVSKI,72,1.8,1986
GASTAUER Ben,https://www.procyclingstats.com/rider/Ben-GASTAUER,73,1.9,1987
ULISSI Diego,https://www.procyclingstats.com/rider/Diego-ULISSI,63,1.75,1989
BROWN Nathan,https://www.procyclingstats.com/rider/Nathan-BROWN,65,1.83,1991
ZEITS Andrey,https://www.procyclingstats.com/rider/Andrey-ZEITS,73,1.89,1986
BRAJKOVIČ Janez,https://www.procyclingstats.com/rider/Janez-BRAJKOVIČ,60,1.75,1983
PANTANO Jarlinson,https://www.procyclingstats.com/rider/Jarlinson-PANTANO,61,1.73,1988
TALANSKY Andrew,https://www.procyclingstats.com/rider/Andrew-TALANSKY,63,1.75,1988
ZUBELDIA Haimar,https://www.procyclingstats.com/rider/Haimar-ZUBELDIA,68,1.79,1977
BRAMBILLA Gianluca,https://www.procyclingstats.com/rider/Gianluca-BRAMBILLA,57,1.7,1987
MATÉ Luis Ángel,https://www.procyclingstats.com/rider/Luis-MATÉ,68,1.78,1984
SEPÚLVEDA Eduardo,https://www.procyclingstats.com/rider/Eduardo-SEPÚLVEDA,57,1.73,1991
DOMONT Axel,https://www.procyclingstats.com/rider/Axel-DOMONT,65,1.79,1990
GRMAY Tsgabu,https://www.procyclingstats.com/rider/Tsgabu-GRMAY,63,1.75,1991
MACHADO Tiago,https://www.procyclingstats.com/rider/Tiago-MACHADO,63,1.78,1985
LAMMERTINK Maurits,https://www.procyclingstats.com/rider/Maurits-LAMMERTINK,61,1.69,1990
WYSS Danilo,https://www.procyclingstats.com/rider/Danilo-WYSS,65,1.76,1985
SWIFT Ben,https://www.procyclingstats.com/rider/Ben-SWIFT,69,1.79,1987
HOWSON Damien,https://www.procyclingstats.com/rider/Damien-HOWSON,68,1.88,1992
TULIK Angélo,https://www.procyclingstats.com/rider/Angélo-TULIK,64,1.76,1990
VOECKLER Thomas,https://www.procyclingstats.com/rider/Thomas-VOECKLER,71,1.74,1979
KOZHATAYEV Bakhtiyar,https://www.procyclingstats.com/rider/Bakhtiyar-KOZHATAYEV,62,1.72,1992
MCCARTHY Jay,https://www.procyclingstats.com/rider/Jay-MCCARTHY,63,1.74,1992
ALBASINI Michael,https://www.procyclingstats.com/rider/Michael-ALBASINI,65,1.72,1980
VANSPEYBROUCK Pieter,https://www.procyclingstats.com/rider/Pieter-VANSPEYBROUCK,76,1.86,1987
ŠTYBAR Zdeněk,https://www.procyclingstats.com/rider/Zdeněk-ŠTYBAR,68,1.83,1985
QUÉMÉNEUR Perrig,https://www.procyclingstats.com/rider/Perrig-QUÉMÉNEUR,67,1.81,1984
THWAITES Scott,https://www.procyclingstats.com/rider/Scott-THWAITES,69,1.78,1990
SÜTTERLIN Jasha,https://www.procyclingstats.com/rider/Jasha-SÜTTERLIN,78,1.84,1992
ARASHIRO Yukiya,https://www.procyclingstats.com/rider/Yukiya-ARASHIRO,64,1.7,1984
BONO Matteo,https://www.procyclingstats.com/rider/Matteo-BONO,60,1.71,1983
KIRYIENKA Vasil,https://www.procyclingstats.com/rider/Vasil-KIRYIENKA,69,1.82,1982
HANSEN Adam,https://www.procyclingstats.com/rider/Adam-HANSEN,75,1.86,1981
BEVIN Patrick,https://www.procyclingstats.com/rider/Patrick-BEVIN,75,1.8,1991
MORENO Javier,https://www.procyclingstats.com/rider/Javier-MORENO,63,1.81,1984
GRIVKO Andrey,https://www.procyclingstats.com/rider/Andrey-GRIVKO,70,1.81,1983
PETIT Adrien,https://www.procyclingstats.com/rider/Adrien-PETIT,80,1.88,1990
LEMOINE Cyril,https://www.procyclingstats.com/rider/Cyril-LEMOINE,73,1.82,1983
GÈNE Yohann,https://www.procyclingstats.com/rider/Yohann-GÈNE,67,1.75,1981
IRIZAR Markel,https://www.procyclingstats.com/rider/Markel-IRIZAR,73,1.82,1980
ROELANDTS Jürgen,https://www.procyclingstats.com/rider/Jürgen-ROELANDTS,78,1.84,1985
BOUHANNI Nacer,https://www.procyclingstats.com/rider/Nacer-BOUHANNI,65,1.75,1990
CURVERS Roy,https://www.procyclingstats.com/rider/Roy-CURVERS,73,1.88,1979
BOLE Grega,https://www.procyclingstats.com/rider/Grega-BOLE,69,1.77,1985
KNEES Christian,https://www.procyclingstats.com/rider/Christian-KNEES,81,1.94,1981
CIMOLAI Davide,https://www.procyclingstats.com/rider/Davide-CIMOLAI,70,1.82,1989
EISEL Bernhard,https://www.procyclingstats.com/rider/Bernhard-EISEL,74,1.83,1981
SABATINI Fabio,https://www.procyclingstats.com/rider/Fabio-SABATINI,74,1.87,1985
TIMMER Albert,https://www.procyclingstats.com/rider/Albert-TIMMER,77,1.86,1985
BOŽIČ Borut,https://www.procyclingstats.com/rider/Borut-BOŽIČ,70,1.78,1980
SÉNÉCHAL Florian,https://www.procyclingstats.com/rider/Florian-SÉNÉCHAL,77,1.79,1993
VENTER Jaco,https://www.procyclingstats.com/rider/Jaco-VENTER,70,1.89,1987
WAGNER Robert,https://www.procyclingstats.com/rider/Robert-WAGNER,75,1.86,1983
SELIG Rüdiger,https://www.procyclingstats.com/rider/Rüdiger-SELIG,80,1.88,1989
LEEZER Tom,https://www.procyclingstats.com/rider/Tom-LEEZER,76,1.85,1985
RODRÍGUEZ Joaquim,https://www.procyclingstats.com/rider/Joaquim-RODRÍGUEZ,58,1.69,1979
CLEMENT Stef,https://www.procyclingstats.com/rider/Stef-CLEMENT,66,1.81,1982
MORENO Daniel,https://www.procyclingstats.com/rider/Daniel-MORENO,59,1.73,1981
SCHLECK Fränk,https://www.procyclingstats.com/rider/Fränk-SCHLECK,65,1.86,1980
MORABITO Steve,https://www.procyclingstats.com/rider/Steve-MORABITO,74,1.86,1983
ROSA Diego,https://www.procyclingstats.com/rider/Diego-ROSA,65,1.78,1989
HUZARSKI Bartosz,https://www.procyclingstats.com/rider/Bartosz-HUZARSKI,69,1.83,1980
STETINA Peter,https://www.procyclingstats.com/rider/Peter-STETINA,63,1.8,1987
PREIDLER Georg,https://www.procyclingstats.com/rider/Georg-PREIDLER,68,1.9,1990
JEANDESBOZ Fabrice,https://www.procyclingstats.com/rider/Fabrice-JEANDESBOZ,69,1.79,1984
ELMIGER Martin,https://www.procyclingstats.com/rider/Martin-ELMIGER,73,1.82,1978
LOSADA Alberto,https://www.procyclingstats.com/rider/Alberto-LOSADA,69,1.8,1982
PLAZA Rubén,https://www.procyclingstats.com/rider/Rubén-PLAZA,77,1.91,1980
TIRALONGO Paolo,https://www.procyclingstats.com/rider/Paolo-TIRALONGO,63,1.78,1977
COPPEL Jérôme,https://www.procyclingstats.com/rider/Jérôme-COPPEL,64,1.78,1986
SØRENSEN Chris Anker,https://www.procyclingstats.com/rider/Chris-SØRENSEN,64,1.85,1984
TEKLEHAIMANOT Daniel,https://www.procyclingstats.com/rider/Daniel-TEKLEHAIMANOT,70,1.88,1988
JEANNESSON Arnold,https://www.procyclingstats.com/rider/Arnold-JEANNESSON,65,1.82,1986
BÁRTA Jan,https://www.procyclingstats.com/rider/Jan-BÁRTA,75,1.84,1984
LINDEMAN Bert-Jan,https://www.procyclingstats.com/rider/Bert-Jan-LINDEMAN,69,1.8,1989
ROY Jérémy,https://www.procyclingstats.com/rider/Jérémy-ROY,70,1.86,1983
VOß Paul,https://www.procyclingstats.com/rider/Paul-VOß,66,1.78,1986
PIBERNIK Luka,https://www.procyclingstats.com/rider/Luka-PIBERNIK,60,1.77,1993
DUCHESNE Antoine,https://www.procyclingstats.com/rider/Antoine-DUCHESNE,75,1.9,1991
BOOKWALTER Brent,https://www.procyclingstats.com/rider/Brent-BOOKWALTER,70,1.8,1984
RAST Grégory,https://www.procyclingstats.com/rider/Grégory-RAST,80,1.86,1980
BENEDETTI Cesare,https://www.procyclingstats.com/rider/Cesare-BENEDETTI,63,1.7,1987
VICIOSO Ángel,https://www.procyclingstats.com/rider/Ángel-VICIOSO,60,1.7,1977
DUMOULIN Samuel,https://www.procyclingstats.com/rider/Samuel-DUMOULIN,57,1.59,1980
HOWES Alex,https://www.procyclingstats.com/rider/Alex-HOWES,61,1.8,1988
NAVARDAUSKAS Ramūnas,https://www.procyclingstats.com/rider/Ramūnas-NAVARDAUSKAS,79,1.9,1988
WYNANTS Maarten,https://www.procyclingstats.com/rider/Maarten-WYNANTS,74,1.9,1982
KEISSE Iljo,https://www.procyclingstats.com/rider/Iljo-KEISSE,72,1.83,1982
ENGER Sondre Holst,https://www.procyclingstats.com/rider/Sondre-ENGER,69,1.71,1993
TOSATTO Matteo,https://www.procyclingstats.com/rider/Matteo-TOSATTO,74,1.81,1974
FONSECA Armindo,https://www.procyclingstats.com/rider/Armindo-FONSECA,56,1.68,1989
SCHILLINGER Andreas,https://www.procyclingstats.com/rider/Andreas-SCHILLINGER,72,1.88,1983
HENDERSON Gregory,https://www.procyclingstats.com/rider/Gregory-HENDERSON,75,1.87,1976
GATTO Oscar,https://www.procyclingstats.com/rider/Oscar-GATTO,67,1.74,1985
STANNARD Ian,https://www.procyclingstats.com/rider/Ian-STANNARD,83,1.91,1987
KITTEL Marcel,https://www.procyclingstats.com/rider/Marcel-KITTEL,82,1.88,1988
BREEN Vegard,https://www.procyclingstats.com/rider/Vegard-BREEN,74,1.87,1990
SIEBERG Marcel,https://www.procyclingstats.com/rider/Marcel-SIEBERG,80,1.98,1982
MCLAY Daniel,https://www.procyclingstats.com/rider/Daniel-MCLAY,72,1.85,1992
HOWARD Leigh,https://www.procyclingstats.com/rider/Leigh-HOWARD,72,1.79,1989
SÁNCHEZ Samuel,https://www.procyclingstats.com/rider/Samuel-SÁNCHEZ,65,1.75,1978
ROGERS Michael,https://www.procyclingstats.com/rider/Michael-ROGERS,74,1.85,1979
HESJEDAL Ryder,https://www.procyclingstats.com/rider/Ryder-HESJEDAL,73,1.87,1980
SCARPONI Michele,https://www.procyclingstats.com/rider/Michele-SCARPONI,62,1.74,1979
JANSE VAN RENSBURG Jacques,https://www.procyclingstats.com/rider/VAN-JANSE,63,1.75,1987
FÉDRIGO Pierrick,https://www.procyclingstats.com/rider/Pierrick-FÉDRIGO,66,1.72,1978
TANKINK Bram,https://www.procyclingstats.com/rider/Bram-TANKINK,71,1.81,1978
WYSS Marcel,https://www.procyclingstats.com/rider/Marcel-WYSS,63,1.77,1986
PERAUD Jean-Christophe,https://www.procyclingstats.com/rider/Jean-Christophe-PERAUD,62,1.72,1977
HERRADA José,https://www.procyclingstats.com/rider/José-HERRADA,65,1.75,1985
RIBLON Christophe,https://www.procyclingstats.com/rider/Christophe-RIBLON,65,1.8,1981
KÖNIG Leopold,https://www.procyclingstats.com/rider/Leopold-KÖNIG,62,1.78,1987
WESTRA Lieuwe,https://www.procyclingstats.com/rider/Lieuwe-WESTRA,74,1.85,1982
VALLS Rafael,https://www.procyclingstats.com/rider/Rafael-VALLS,64,1.79,1987
KUDUS Merhawi,https://www.procyclingstats.com/rider/Merhawi-KUDUS,58,1.73,1994
CARUSO Giampaolo,https://www.procyclingstats.com/rider/Giampaolo-CARUSO,60,1.73,1980
GOŁAŚ Michał,https://www.procyclingstats.com/rider/Michał-GOŁAŚ,65,1.8,1984
DENNIS Rohan,https://www.procyclingstats.com/rider/Rohan-DENNIS,72,1.82,1990
MALORI Adriano,https://www.procyclingstats.com/rider/Adriano-MALORI,68,1.82,1988
GENIEZ Alexandre,https://www.procyclingstats.com/rider/Alexandre-GENIEZ,68,1.84,1988
VAUGRENARD Benoît,https://www.procyclingstats.com/rider/Benoît-VAUGRENARD,72,1.85,1982
QUINZIATO Manuel,https://www.procyclingstats.com/rider/Manuel-QUINZIATO,74,1.85,1979
VAN EMDEN Jos,https://www.procyclingstats.com/rider/EMDEN-VAN,74,1.86,1985
SERPA José Rodolfo,https://www.procyclingstats.com/rider/José-SERPA,64,1.78,1979
ARREDONDO Julián David,https://www.procyclingstats.com/rider/Julián-ARREDONDO,58,1.64,1988
POZZATO Filippo,https://www.procyclingstats.com/rider/Filippo-POZZATO,73,1.83,1981
GÉRARD Arnaud,https://www.procyclingstats.com/rider/Arnaud-GÉRARD,70,1.84,1984
MENDES José,https://www.procyclingstats.com/rider/José-MENDES,64,1.81,1985
BRUN Frederic,https://www.procyclingstats.com/rider/Frederic-BRUN,73,1.89,1988
WEENING Pieter,https://www.procyclingstats.com/rider/Pieter-WEENING,68,1.86,1981
DEVOLDER Stijn,https://www.procyclingstats.com/rider/Stijn-DEVOLDER,72,1.82,1979
FARRAR Tyler,https://www.procyclingstats.com/rider/Tyler-FARRAR,73,1.83,1984
BRÄNDLE Matthias,https://www.procyclingstats.com/rider/Matthias-BRÄNDLE,80,1.9,1989
NAULEAU Bryan,https://www.procyclingstats.com/rider/Bryan-NAULEAU,67,1.81,1988
VANBILSEN Kenneth,https://www.procyclingstats.com/rider/Kenneth-VANBILSEN,73,1.84,1990
TUFT Svein,https://www.procyclingstats.com/rider/Svein-TUFT,77,1.75,1977
CHAVANEL Sébastien,https://www.procyclingstats.com/rider/Sébastien-CHAVANEL,77,1.83,1983
VAN DEN BROECK Jurgen,https://www.procyclingstats.com/rider/DEN-VAN,69,1.85,1983
TROFIMOV Yuri,https://www.procyclingstats.com/rider/Yuri-TROFIMOV,59,1.69,1984
HORNER Chris,https://www.procyclingstats.com/rider/Chris-HORNER,70,1.8,1971
GADRET John,https://www.procyclingstats.com/rider/John-GADRET,58,1.7,1979
VELITS Peter,https://www.procyclingstats.com/rider/Peter-VELITS,63,1.81,1985
VISCONTI Giovanni,https://www.procyclingstats.com/rider/Giovanni-VISCONTI,63,1.75,1983
PINEAU Jérôme,https://www.procyclingstats.com/rider/Jérôme-PINEAU,65,1.76,1980
GUILLOU Florian,https://www.procyclingstats.com/rider/Florian-GUILLOU,71,1.96,1982
MONTAGUTI Matteo,https://www.procyclingstats.com/rider/Matteo-MONTAGUTI,65,1.81,1984
VANSUMMEREN Johan,https://www.procyclingstats.com/rider/Johan-VANSUMMEREN,79,1.97,1981
KADRI Blel,https://www.procyclingstats.com/rider/Blel-KADRI,66,1.76,1986
PAULINHO Sérgio Miguel,https://www.procyclingstats.com/rider/Sérgio-PAULINHO,64,1.72,1980
BOOM Lars,https://www.procyclingstats.com/rider/Lars-BOOM,75,1.91,1985
BUSCHE Matthew,https://www.procyclingstats.com/rider/Matthew-BUSCHE,69,1.74,1985
MINARD Sébastien,https://www.procyclingstats.com/rider/Sébastien-MINARD,65,1.77,1982
SMUKULIS Gatis,https://www.procyclingstats.com/rider/Gatis-SMUKULIS,72,1.83,1987
PINEAU Cédric,https://www.procyclingstats.com/rider/Cédric-PINEAU,68,1.77,1985
LÓPEZ David,https://www.procyclingstats.com/rider/David-LÓPEZ,68,1.79,1981
PICHOT Alexandre,https://www.procyclingstats.com/rider/Alexandre-PICHOT,72,1.83,1983
VOIGT Jens,https://www.procyclingstats.com/rider/Jens-VOIGT,76,1.89,1971
INTXAUSTI Beñat,https://www.procyclingstats.com/rider/Beñat-INTXAUSTI,61,1.75,1986
BIDEAU Jean-Marc,https://www.procyclingstats.com/rider/Jean-Marc-BIDEAU,73,1.92,1984
MEIER Christian,https://www.procyclingstats.com/rider/Christian-MEIER,61,1.72,1985
IGLINSKIY Maxim,https://www.procyclingstats.com/rider/Maxim-IGLINSKIY,67,1.71,1981
PAOLINI Luca,https://www.procyclingstats.com/rider/Luca-PAOLINI,66,1.74,1977
RENSHAW Mark,https://www.procyclingstats.com/rider/Mark-RENSHAW,74,1.79,1982
DELAGE Mickaël,https://www.procyclingstats.com/rider/Mickaël-DELAGE,70,1.8,1985
VANOTTI Alessandro,https://www.procyclingstats.com/rider/Alessandro-VANOTTI,70,1.85,1980
PETACCHI Alessandro,https://www.procyclingstats.com/rider/Alessandro-PETACCHI,70,1.85,1974
FEILLU Romain,https://www.procyclingstats.com/rider/Romain-FEILLU,62,1.74,1984
DEMPSTER Zak,https://www.procyclingstats.com/rider/Zak-DEMPSTER,77,1.9,1987
JARRIER Benoît,https://www.procyclingstats.com/rider/Benoît-JARRIER,69,1.79,1989
PATE Danny,https://www.procyclingstats.com/rider/Danny-PATE,73,1.85,1979
VEELERS Tom,https://www.procyclingstats.com/rider/Tom-VEELERS,75,1.84,1984
ISAYCHEV Vladimir,https://www.procyclingstats.com/rider/Vladimir-ISAYCHEV,80,1.88,1986
MARINO Jean-Marc,https://www.procyclingstats.com/rider/Jean-Marc-MARINO,65,1.77,1983
JI Cheng,https://www.procyclingstats.com/rider/Cheng-JI,67,1.78,1987
SCHLECK Andy,https://www.procyclingstats.com/rider/Andy-SCHLECK,68,1.86,1985
ANTÓN Igor,https://www.procyclingstats.com/rider/Igor-ANTÓN,64,1.73,1983
KLÖDEN Andreas,https://www.procyclingstats.com/rider/Andreas-KLÖDEN,63,1.83,1975
DUPONT Hubert,https://www.procyclingstats.com/rider/Hubert-DUPONT,57,1.74,1980
DE CLERCQ Bart,https://www.procyclingstats.com/rider/CLERCQ-DE,67,1.83,1986
EVANS Cadel,https://www.procyclingstats.com/rider/Cadel-EVANS,64,1.74,1977
ASTARLOZA Mikel,https://www.procyclingstats.com/rider/Mikel-ASTARLOZA,72,1.85,1979
HERNÁNDEZ BLÁZQUEZ Jesús,https://www.procyclingstats.com/rider/BLÁZQUEZ-HERNÁNDEZ,58,1.69,1981
VORGANOV Eduard,https://www.procyclingstats.com/rider/Eduard-VORGANOV,65,1.77,1982
MALACARNE Davide,https://www.procyclingstats.com/rider/Davide-MALACARNE,63,1.71,1987
NORDHAUG Lars Petter,https://www.procyclingstats.com/rider/Lars-NORDHAUG,63,1.76,1984
MÉDEREL Maxime,https://www.procyclingstats.com/rider/Maxime-MÉDEREL,59,1.73,1980
DIDIER Laurent,https://www.procyclingstats.com/rider/Laurent-DIDIER,68,1.89,1984
CUNEGO Damiano,https://www.procyclingstats.com/rider/Damiano-CUNEGO,58,1.69,1981
NIEMIEC Przemysław,https://www.procyclingstats.com/rider/Przemysław-NIEMIEC,62,1.84,1980
DANIELSON Tom,https://www.procyclingstats.com/rider/Tom-DANIELSON,58.5,1.77,1978
LEVARLET Guillaume,https://www.procyclingstats.com/rider/Guillaume-LEVARLET,67,1.83,1985
MORI Manuele,https://www.procyclingstats.com/rider/Manuele-MORI,62,1.72,1980
KENNAUGH Peter,https://www.procyclingstats.com/rider/Peter-KENNAUGH,66,1.73,1986
OROZ Juan José,https://www.procyclingstats.com/rider/Juan-OROZ,71,1.87,1980
EL FARES Julien,https://www.procyclingstats.com/rider/FARES-EL,62,1.72,1985
LAGUTIN Sergey,https://www.procyclingstats.com/rider/Sergey-LAGUTIN,68,1.81,1981
GAVAZZI Francesco,https://www.procyclingstats.com/rider/Francesco-GAVAZZI,65,1.73,1984
SIUTSOU Kanstantsin,https://www.procyclingstats.com/rider/Kanstantsin-SIUTSOU,68,1.83,1982
FLECHA Juan Antonio,https://www.procyclingstats.com/rider/Juan-FLECHA,72,1.81,1977
MOSER Moreno,https://www.procyclingstats.com/rider/Moreno-MOSER,64,1.77,1990
GASPAROTTO Enrico,https://www.procyclingstats.com/rider/Enrico-GASPAROTTO,65,1.74,1982
HOOGERLAND Johnny,https://www.procyclingstats.com/rider/Johnny-HOOGERLAND,65,1.79,1983
BRUTT Pavel,https://www.procyclingstats.com/rider/Pavel-BRUTT,70,1.78,1982
MARANGONI Alan,https://www.procyclingstats.com/rider/Alan-MARANGONI,74,1.85,1984
MILLAR David,https://www.procyclingstats.com/rider/David-MILLAR,77,1.9,1977
GARCÍA Egoitz,https://www.procyclingstats.com/rider/Egoitz-GARCÍA,70,1.8,1986
VEILLEUX David,https://www.procyclingstats.com/rider/David-VEILLEUX,75,1.8,1987
FAVILLI Elia,https://www.procyclingstats.com/rider/Elia-FAVILLI,61,1.72,1989
MEYER Cameron,https://www.procyclingstats.com/rider/Cameron-MEYER,70,1.81,1988
FISCHER Murilo Antonio,https://www.procyclingstats.com/rider/Murilo-FISCHER,65,1.7,1979
PÉREZ Rubén,https://www.procyclingstats.com/rider/Rubén-PÉREZ,65,1.73,1981
KUSCHYNSKI Aleksandr,https://www.procyclingstats.com/rider/Aleksandr-KUSCHYNSKI,65,1.82,1979
FRÖHLINGER Johannes,https://www.procyclingstats.com/rider/Johannes-FRÖHLINGER,62,1.73,1985
HIVERT Jonathan,https://www.procyclingstats.com/rider/Jonathan-HIVERT,62,1.7,1985
GOSS Matthew,https://www.procyclingstats.com/rider/Matthew-GOSS,70,1.78,1986
STEEGMANS Gert,https://www.procyclingstats.com/rider/Gert-STEEGMANS,82,1.9,1980
LANCASTER Brett,https://www.procyclingstats.com/rider/Brett-LANCASTER,78,1.88,1979
VANDBORG Brian Bach,https://www.procyclingstats.com/rider/Brian-VANDBORG,75,1.87,1981
O'GRADY Stuart,https://www.procyclingstats.com/rider/Stuart-O'GRADY,73,1.76,1973
WILLEMS Frederik,https://www.procyclingstats.com/rider/Frederik-WILLEMS,67,1.82,1979
LOBATO Juan José,https://www.procyclingstats.com/rider/Juan-LOBATO,64,1.73,1988
MURAVYEV Dmitriy,https://www.procyclingstats.com/rider/Dmitriy-MURAVYEV,75,1.89,1979
BAZAYEV Assan,https://www.procyclingstats.com/rider/Assan-BAZAYEV,62,1.77,1981
WIGGINS Bradley,https://www.procyclingstats.com/rider/Bradley-WIGGINS,76,1.89,1980
MENCHOV Denis,https://www.procyclingstats.com/rider/Denis-MENCHOV,65,1.8,1978
MARTÍNEZ Egoi,https://www.procyclingstats.com/rider/Egoi-MARTÍNEZ,70,1.81,1978
CASAR Sandy,https://www.procyclingstats.com/rider/Sandy-CASAR,63,1.79,1979
BASSO Ivan,https://www.procyclingstats.com/rider/Ivan-BASSO,70,1.82,1977
VANENDERT Jelle,https://www.procyclingstats.com/rider/Jelle-VANENDERT,62,1.84,1985
COBO Juan José,https://www.procyclingstats.com/rider/Juan-COBO,62,1.75,1981
VINOKOUROV Alexandre,https://www.procyclingstats.com/rider/Alexandre-VINOKOUROV,68,1.77,1973
LEIPHEIMER Levi,https://www.procyclingstats.com/rider/Levi-LEIPHEIMER,62,1.7,1973
HINCAPIE George,https://www.procyclingstats.com/rider/George-HINCAPIE,83,1.91,1973
KESSIAKOFF Fredrik,https://www.procyclingstats.com/rider/Fredrik-KESSIAKOFF,61,1.75,1980
NERZ Dominik,https://www.procyclingstats.com/rider/Dominik-NERZ,67,1.8,1989
KARPETS Vladimir,https://www.procyclingstats.com/rider/Vladimir-KARPETS,79,1.9,1980
VANDE VELDE Christian,https://www.procyclingstats.com/rider/VELDE-VANDE,69,1.8,1976
FOFONOV Dmitriy,https://www.procyclingstats.com/rider/Dmitriy-FOFONOV,65,1.75,1976
STORTONI Simone,https://www.procyclingstats.com/rider/Simone-STORTONI,59,1.69,1985
DE WEERT Kevin,https://www.procyclingstats.com/rider/WEERT-DE,70,1.82,1982
SZMYD Sylwester,https://www.procyclingstats.com/rider/Sylwester-SZMYD,60,1.79,1978
AZANZA Jorge,https://www.procyclingstats.com/rider/Jorge-AZANZA,68,1.85,1982
POPOVYCH Yaroslav,https://www.procyclingstats.com/rider/Yaroslav-POPOVYCH,64,1.75,1980
KASHECHKIN Andrey,https://www.procyclingstats.com/rider/Andrey-KASHECHKIN,70,1.85,1980
MARZANO Marco,https://www.procyclingstats.com/rider/Marco-MARZANO,58,1.71,1980
KERN Christophe,https://www.procyclingstats.com/rider/Christophe-KERN,72,1.85,1981
HONDO Danilo,https://www.procyclingstats.com/rider/Danilo-HONDO,73,1.84,1974
VELITS Martin,https://www.procyclingstats.com/rider/Martin-VELITS,70,1.85,1985
ZINGLE Romain,https://www.procyclingstats.com/rider/Romain-ZINGLE,67,1.75,1987
SØRENSEN Nicki,https://www.procyclingstats.com/rider/Nicki-SØRENSEN,71,1.82,1975
ZABRISKIE David,https://www.procyclingstats.com/rider/David-ZABRISKIE,67,1.83,1979
DE GREEF Francis,https://www.procyclingstats.com/rider/GREEF-DE,77,1.92,1985
SPRICK Matthieu,https://www.procyclingstats.com/rider/Matthieu-SPRICK,71,1.81,1981
CANUTI Federico,https://www.procyclingstats.com/rider/Federico-CANUTI,68,1.82,1985
BOECKMANS Kris,https://www.procyclingstats.com/rider/Kris-BOECKMANS,76,1.8,1987
COOKE Baden,https://www.procyclingstats.com/rider/Baden-COOKE,75,1.8,1978
HORRACH Joan Sebastian,https://www.procyclingstats.com/rider/Joan-HORRACH,70,1.79,1974
NUYENS Nick,https://www.procyclingstats.com/rider/Nick-NUYENS,68,1.77,1980
HINAULT Sébastien,https://www.procyclingstats.com/rider/Sébastien-HINAULT,63,1.75,1974
GRABSCH Bert,https://www.procyclingstats.com/rider/Bert-GRABSCH,78,1.79,1975
LUND Anders,https://www.procyclingstats.com/rider/Anders-LUND,65,1.67,1985
URTASUN Pablo,https://www.procyclingstats.com/rider/Pablo-URTASUN,69,1.76,1980
CANTWELL Jonathan,https://www.procyclingstats.com/rider/Jonathan-CANTWELL,69,1.74,1982
HUGUET Yann,https://www.procyclingstats.com/rider/Yann-HUGUET,66,1.77,1984
HAEDO Juan José,https://www.procyclingstats.com/rider/Juan-HAEDO,73,1.8,1981
GRETSCH Patrick,https://www.procyclingstats.com/rider/Patrick-GRETSCH,69,1.87,1987
KROON Karsten,https://www.procyclingstats.com/rider/Karsten-KROON,67,1.8,1976
FOUCHARD Julien,https://www.procyclingstats.com/rider/Julien-FOUCHARD,74,1.87,1986
GHYSELINCK Jan,https://www.procyclingstats.com/rider/Jan-GHYSELINCK,74,1.83,1988
ENGOULVENT Jimmy,https://www.procyclingstats.com/rider/Jimmy-ENGOULVENT,82,1.87,1979
RUIJGH Rob,https://www.procyclingstats.com/rider/Rob-RUIJGH,64,1.72,1986
GUSEV Vladimir,https://www.procyclingstats.com/rider/Vladimir-GUSEV,67,1.76,1982
VERDUGO Gorka,https://www.procyclingstats.com/rider/Gorka-VERDUGO,71,1.81,1978
BARREDO Carlos,https://www.procyclingstats.com/rider/Carlos-BARREDO,61,1.77,1981
ARROYO David,https://www.procyclingstats.com/rider/David-ARROYO,63,1.74,1980
DI GRÉGORIO Rémy,https://www.procyclingstats.com/rider/GRÉGORIO-DI,67,1.8,1985
MONCOUTIÉ David,https://www.procyclingstats.com/rider/David-MONCOUTIÉ,69,1.8,1975
TALABARDON Yannick,https://www.procyclingstats.com/rider/Yannick-TALABARDON,67,1.9,1981
ZANDIO Xabier,https://www.procyclingstats.com/rider/Xabier-ZANDIO,73,1.84,1977
CHARTEAU Anthony,https://www.procyclingstats.com/rider/Anthony-CHARTEAU,67,1.75,1979
LOOSLI David,https://www.procyclingstats.com/rider/David-LOOSLI,71,1.82,1980
GERDEMANN Linus,https://www.procyclingstats.com/rider/Linus-GERDEMANN,71,1.83,1982
HUSHOVD Thor,https://www.procyclingstats.com/rider/Thor-HUSHOVD,83,1.83,1978
PATERSKI Maciej,https://www.procyclingstats.com/rider/Maciej-PATERSKI,73,1.86,1986
NIERMANN Grischa,https://www.procyclingstats.com/rider/Grischa-NIERMANN,64,1.78,1975
SILIN Egor,https://www.procyclingstats.com/rider/Egor-SILIN,61,1.77,1988
MEERSMAN Gianni,https://www.procyclingstats.com/rider/Gianni-MEERSMAN,63,1.77,1985
SANTAROMITA Ivan,https://www.procyclingstats.com/rider/Ivan-SANTAROMITA,58,1.76,1984
PÉREZ Alan,https://www.procyclingstats.com/rider/alan-lezaun-perez,66,1.75,1982
TJALLINGII Maarten,https://www.procyclingstats.com/rider/Maarten-TJALLINGII,81,1.88,1977
GUTIÉRREZ José Iván,https://www.procyclingstats.com/rider/ivan-gutierrez,71,1.81,1978
POSTHUMA Joost,https://www.procyclingstats.com/rider/Joost-POSTHUMA,76,1.89,1981
LANG Sebastian,https://www.procyclingstats.com/rider/Sebastian-LANG,77,1.87,1979
NOVAL Benjamín,https://www.procyclingstats.com/rider/benjamin-gonzalez-noval,71,1.78,1979
VALENTIN Tristan,https://www.procyclingstats.com/rider/Tristan-VALENTIN,69,1.81,1982
CANCELLARA Fabian,https://www.procyclingstats.com/rider/Fabian-CANCELLARA,80,1.86,1981
TURGOT Sébastien,https://www.procyclingstats.com/rider/sebastien-turgot,73,1.79,1984
DUQUE Leonardo Fabio,https://www.procyclingstats.com/rider/Leonardo-DUQUE,59,1.7,1980
MANGEL Laurent,https://www.procyclingstats.com/rider/Laurent-MANGEL,83,1.95,1981
LONGO BORGHINI Paolo,https://www.procyclingstats.com/rider/paolo-longo-borghini,76,1.87,1980
BUFFAZ Mickaël,https://www.procyclingstats.com/rider/mickael-buffaz,64,1.75,1979
GALLAND Jérémie,https://www.procyclingstats.com/rider/jeremie-galland,62,1.74,1983
VENTOSO Francisco José,https://www.procyclingstats.com/rider/fran-ventoso,75,1.8,1982
VAITKUS Tomas,https://www.procyclingstats.com/rider/Tomas-VAITKUS,75,1.85,1982
DEAN Julian,https://www.procyclingstats.com/rider/Julian-DEAN,72,1.78,1975
ENGELS Addy,https://www.procyclingstats.com/rider/Addy-ENGELS,64,1.81,1977
IGNATIEV Mikhail,https://www.procyclingstats.com/rider/Mikhail-IGNATIEV,67,1.76,1985
COYOT Arnaud,https://www.procyclingstats.com/rider/Arnaud-COYOT,76,1.95,1980
CIOLEK Gerald,https://www.procyclingstats.com/rider/Gerald-CIOLEK,75,1.79,1986
KOSTYUK Denys,https://www.procyclingstats.com/rider/Denys-KOSTYUK,66,1.76,1982
JÉRÔME Vincent,https://www.procyclingstats.com/rider/vincent-jerome,65,1.74,1984
